"name","category_name","min_price","max_price","position"
"CURIOUS(キュリオス)","シティサイクル","","","1"
"Celesteno(セレスティーノ)","シティサイクル","","","2"
"Arvita","シティサイクル","","","3"
"SIGNE(シグネ)","シティサイクル","","","4"
"ComO'rade(コモラード)","シティサイクル","","","5"
"Dia Resto","シティサイクル","","","6"
"グランディーノ","シティサイクル","","","7"
"Mixte City","シティサイクル","","","8"
"CURIOUS mini","シティサイクル","","","9"
"CONFITURE(コンフィチュール)","シティサイクル","","","10"
"ヴォラーレ","シティサイクル","","","11"
"Punk Rock","シティサイクル","","","12"
"mimosa(ミモザ)","シティサイクル","","","13"
"limini+","シティサイクル","","","14"
"CORTEZ(コルテス)","シティサイクル","","","15"
"イーストボーイ  デラックス","シティサイクル","","","16"
"ベガス","シティサイクル","","","17"
"UNIFY","シティサイクル","","","18"
"CHACLE プレステッツァ","シティサイクル","","","19"
"EXクロス/EXクロスDisc","シティサイクル","","","20"
"MARKROSA M7","シティサイクル","","","21"
"アシスタU STD","電動自転車","","","22"
"PAS With DX","電動自転車","","","23"
"20インチ","電動自転車","","","24"
"SUISUI Fleur","電動自転車","","","25"
"TRANS MOBILLY E-Basic","電動自転車","","","26"
"SUISUI Breeze","電動自転車","","","27"
"TDN-206","電動自転車","","","28"
"TDN-208L","電動自転車","","","29"
"THE NEO","電動自転車","","","30"
"TDF-14Z","電動自転車","","","31"
"24/26インチ","電動自転車","","","32"
"TDN-212L","電動自転車","","","33"
"TDA-704L","電動自転車","","","34"
"TDN-207L","電動自転車","","","35"
"ビビ・SX","電動自転車","","","36"
"TDA-712L","電動自転車","","","37"
"PAS Cheer","電動自転車","","","38"
"benelli mini Loop 20","電動自転車","","","39"
"ベロスター","電動自転車","","","40"
"ベロスター・ミニ","電動自転車","","","41"
"ヘッドレスト付チャイルドシート搭載TDN-207L","電動自転車","","","42"
"PAS kiss mini un SP","子供乗せ自転車","","","43"
"アシスタC STD","子供乗せ自転車","","","44"
"PAS Babby un SP","子供乗せ自転車","","","45"
"ヘッドレスト付きチャイルドシート搭載Dia Resto","子供乗せ自転車","","","46"
"ヘッドレスト付チャイルドシート搭載グランディーノ","子供乗せ自転車","","","47"
"チャイルドシート搭載limini+","子供乗せ自転車","","","48"
"ヘッドレスト付きチャイルドシート搭載CONFITURE(コンフィチュール)","子供乗せ自転車","","","49"
"ヘッドレスト付チャイルドシート搭載limini+","子供乗せ自転車","","","50"
"ママフレロック206D","子供乗せ自転車","","","51"
"ヘッドレスト付きチャイルドシート搭載ママフレロック206D","子供乗せ自転車","","","52"
"ヘッドレスト付チャイルドシート搭載TDN-207L","子供乗せ自転車","","","53"
"ヘッドレスト付チャイルドシート搭載TDH-408L","子供乗せ自転車","","","54"
"ヘッドレスト付チャイルドシート搭載アシスタU STD","子供乗せ自転車","","","55"
"ふらっか～ずココッティアシスト","子供乗せ自転車","","","56"
"ヘッドレスト付きチャイルドシート搭載ビビ・DX","子供乗せ自転車","","","57"
"ギュット・アニーズ・DX","子供乗せ自転車","","","58"
"ギュット・アニーズ・DX・26","子供乗せ自転車","","","59"
"ギュット・クルームR・DX","子供乗せ自転車","","","60"
"bikke POLAR e （ビッケポーラー e）","子供乗せ自転車","","","61"
"3人乗り用チャイルドシート付きギュット・クルームR・DX","子供乗せ自転車","","","62"
"ギュット・クルーム・DX","子供乗せ自転車","","","63"
"MARKROSA 7S","スポーツ自転車","","","64"
"カゴ付きMARKROSA 7S","スポーツ自転車","","","65"
"RIGHTPATH(ライトパース)","スポーツ自転車","","","66"
"CHRYS(クライス)","スポーツ自転車","","","67"
"カゴ付きRIGHTPATH(ライトパース)","スポーツ自転車","","","68"
"クロスバイク入門セット/RIGHTPATH(ライトパース)","スポーツ自転車","","","69"
"cyma primer","スポーツ自転車","","","70"
"ヴォラーレ","スポーツ自転車","","","71"
"cavite(キャビテ)","スポーツ自転車","","","72"
"Michikusa","スポーツ自転車","","","73"
"RENAULT AL-CRB7006 LIGHT","スポーツ自転車","","","74"
"クロスバイク入門ワイドセット/RIGHTPATH(ライトパース)","スポーツ自転車","","","75"
"FERIADO(フェリアード)","スポーツ自転車","","","76"
"カゴ付きcyma primer","スポーツ自転車","","","77"
"クロスバイク入門セット/cyma primer","スポーツ自転車","","","78"
"カゴ付きMichikusa","スポーツ自転車","","","79"
"カゴ付きcavite(キャビテ)","スポーツ自転車","","","80"
"CRB7018DR","スポーツ自転車","","","81"
"クロスバイク入門セット/FERIADO(フェリアード)","スポーツ自転車","","","82"
"TANK3.0","スポーツ自転車","","","83"
"クロスバイク入門ワイドセット/cyma primer","スポーツ自転車","","","84"
"20インチ","ミニベロ（小径車）","","","85"
"MARKROSA M7","ミニベロ（小径車）","","","86"
"カゴ付きMARKROSA M7","ミニベロ（小径車）","","","87"
"20インチ","ミニベロ（小径車）","","","88"
"20インチ","ミニベロ（小径車）","","","89"
"20インチ","ミニベロ（小径車）","","","90"
"20インチ","ミニベロ（小径車）","","","91"
"20インチ","ミニベロ（小径車）","","","92"
"ベガス","ミニベロ（小径車）","","","93"
"TDN-207L","ミニベロ（小径車）","","","94"
"benelli mini Loop 20","ミニベロ（小径車）","","","95"
"ベロスター・ミニ","ミニベロ（小径車）","","","96"
"Jコンセプト","ミニベロ（小径車）","","","97"
"benelli mini Loop 20 プラス","ミニベロ（小径車）","","","98"
"ビビ・L・20","ミニベロ（小径車）","","","99"
"PAS CITY-V","ミニベロ（小径車）","","","100"
"PAS CITY-X","ミニベロ（小径車）","","","101"
"EZ（イーゼット）","ミニベロ（小径車）","","","102"
"リアルストリームミニ","ミニベロ（小径車）","","","103"
"COOZY WM02","ミニベロ（小径車）","","","104"
"FUMA","ミニベロ（小径車）","","","105"
"20インチ","折りたたみ自転車","","","106"
"20インチ","折りたたみ自転車","","","107"
"20インチ","折りたたみ自転車","","","108"
"20インチ","折りたたみ自転車","","","109"
"20インチ","折りたたみ自転車","","","110"
"20インチ","折りたたみ自転車","","","111"
"20インチ","折りたたみ自転車","","","112"
"20インチ","折りたたみ自転車","","","113"
"20インチ","折りたたみ自転車","","","114"
"20インチ","折りたたみ自転車","","","115"
"14インチ","折りたたみ自転車","","","116"
"16インチ","折りたたみ自転車","","","117"
"SUISUI Fleur","折りたたみ自転車","","","118"
"TRANS MOBILLY E-Basic","折りたたみ自転車","","","119"
"TDN-206","折りたたみ自転車","","","120"
"TDN-208L","折りたたみ自転車","","","121"
"TDN-212L","折りたたみ自転車","","","122"
"TRANS MOBILLY ULTRA LIGHT E-BIKE NEXT140","折りたたみ自転車","","","123"
"TRANS MOBILLY ULTRA LIGHT E-BIKE NEXT163","折りたたみ自転車","","","124"
"Q2","折りたたみ自転車","","","125"
"オフタイム","折りたたみ自転車","","","126"
"スパイスアップ","こども用自転車","","","127"
"ギムレットジュニア","こども用自転車","","","128"
