"name","url","position"
"きたゆざわ　森のソラニワ","https://travel.rakuten.co.jp/HOTEL/18832/18832.html?l-id=hotelList_ad_L000002704_1_18832","1"
"札幌エクセルホテル東急","https://travel.rakuten.co.jp/HOTEL/502/502.html?l-id=hotelList_ad_L000002704_2_502","2"
"センチュリーマリーナ函館","https://travel.rakuten.co.jp/HOTEL/168681/168681.html?l-id=hotelList_3_168681","3"
"センチュリーロイヤルホテル","https://travel.rakuten.co.jp/HOTEL/559/559.html?l-id=hotelList_4_559","4"
"ニューオータニイン札幌","https://travel.rakuten.co.jp/HOTEL/163/163.html?l-id=hotelList_5_163","5"
"ホテルグレイスリー札幌","https://travel.rakuten.co.jp/HOTEL/635/635.html?l-id=hotelList_6_635","6"
"函館国際ホテル","https://travel.rakuten.co.jp/HOTEL/1341/1341.html?l-id=hotelList_7_1341","7"
"京王プレリアホテル札幌","https://travel.rakuten.co.jp/HOTEL/172272/172272.html?l-id=hotelList_8_172272","8"
"天然温泉ホテルパコ釧路","https://travel.rakuten.co.jp/HOTEL/50771/50771.html?l-id=hotelList_9_50771","9"
"ホテルマイステイズ札幌アスペン","https://travel.rakuten.co.jp/HOTEL/625/625.html?l-id=hotelList_10_625","10"
"ホテルエミシア札幌","https://travel.rakuten.co.jp/HOTEL/901/901.html?l-id=hotelList_11_901","11"
"天然温泉　ホテルパコ函館","https://travel.rakuten.co.jp/HOTEL/50746/50746.html?l-id=hotelList_12_50746","12"
"ラ・ジェント・ステイ札幌大通","https://travel.rakuten.co.jp/HOTEL/153293/153293.html?l-id=hotelList_13_153293","13"
"ソラリア西鉄ホテル札幌","https://travel.rakuten.co.jp/HOTEL/180441/180441.html?l-id=hotelList_14_180441","14"
"メルキュール札幌","https://travel.rakuten.co.jp/HOTEL/79255/79255.html?l-id=hotelList_15_79255","15"
"ダイワロイネットホテル札幌すすきの","https://travel.rakuten.co.jp/HOTEL/137031/137031.html?l-id=hotelList_16_137031","16"
"札幌プリンスホテル","https://travel.rakuten.co.jp/HOTEL/9515/9515.html?l-id=hotelList_17_9515","17"
"東急ステイ札幌","https://travel.rakuten.co.jp/HOTEL/165829/165829.html?l-id=hotelList_18_165829","18"
"ワイズホテル　旭川駅前","https://travel.rakuten.co.jp/HOTEL/166948/166948.html?l-id=hotelList_19_166948","19"
"ラビスタ函館ベイ（共立リゾート）","https://travel.rakuten.co.jp/HOTEL/69295/69295.html?l-id=hotelList_20_69295","20"
"ホテルソニア小樽","https://travel.rakuten.co.jp/HOTEL/5170/5170.html?l-id=hotelList_21_5170","21"
"イビススタイルズ札幌","https://travel.rakuten.co.jp/HOTEL/109107/109107.html?l-id=hotelList_22_109107","22"
"京王プラザホテル札幌","https://travel.rakuten.co.jp/HOTEL/724/724.html?l-id=hotelList_23_724","23"
"札幌ビューホテル大通公園","https://travel.rakuten.co.jp/HOTEL/1430/1430.html?l-id=hotelList_24_1430","24"
"ホテルリソルトリニティ札幌","https://travel.rakuten.co.jp/HOTEL/70234/70234.html?l-id=hotelList_25_70234","25"
"ホテルウィングインターナショナル旭川駅前","https://travel.rakuten.co.jp/HOTEL/172612/172612.html?l-id=hotelList_26_172612","26"
"ホテルマイステイズ札幌駅北口","https://travel.rakuten.co.jp/HOTEL/68288/68288.html?l-id=hotelList_27_68288","27"
"クロスホテル札幌","https://travel.rakuten.co.jp/HOTEL/67259/67259.html?l-id=hotelList_28_67259","28"
"ＡＮＡクラウンプラザホテル札幌","https://travel.rakuten.co.jp/HOTEL/169/169.html?l-id=hotelList_29_169","29"
"ラ・ジェント・ステイ函館駅前","https://travel.rakuten.co.jp/HOTEL/177009/177009.html?l-id=hotelList_30_177009","30"
"札幌グランドホテル","https://travel.rakuten.co.jp/HOTEL/762/762.html?l-id=hotelList_31_762","31"
"函館湯の川温泉　海と灯／ヒューイットリゾート","https://travel.rakuten.co.jp/HOTEL/182148/182148.html?l-id=hotelList_32_182148","32"
"きたゆざわ　森のソラニワ","https://travel.rakuten.co.jp/HOTEL/18832/18832.html?l-id=hotelList_ad_L000002704_1_18832","33"
"札幌エクセルホテル東急","https://travel.rakuten.co.jp/HOTEL/502/502.html?l-id=hotelList_ad_L000002704_2_502","34"
"ホテルＷＢＦ函館　海神の湯","https://travel.rakuten.co.jp/HOTEL/173143/173143.html?l-id=hotelList_3_173143","35"
"ホテル京阪　札幌","https://travel.rakuten.co.jp/HOTEL/79254/79254.html?l-id=hotelList_4_79254","36"
"ＡＮＡクラウンプラザホテル千歳","https://travel.rakuten.co.jp/HOTEL/705/705.html?l-id=hotelList_5_705","37"
"グランドパーク小樽","https://travel.rakuten.co.jp/HOTEL/1468/1468.html?l-id=hotelList_6_1468","38"
"札幌東急ＲＥＩホテル","https://travel.rakuten.co.jp/HOTEL/501/501.html?l-id=hotelList_7_501","39"
"ホテル日航ノースランド帯広","https://travel.rakuten.co.jp/HOTEL/1176/1176.html?l-id=hotelList_8_1176","40"
"札幌グランベルホテル","https://travel.rakuten.co.jp/HOTEL/182301/182301.html?l-id=hotelList_9_182301","41"
"ロイトン札幌","https://travel.rakuten.co.jp/HOTEL/849/849.html?l-id=hotelList_10_849","42"
"テンザホテル＆スカイスパ・札幌セントラル","https://travel.rakuten.co.jp/HOTEL/761/761.html?l-id=hotelList_11_761","43"
"ＪＲタワーホテル日航札幌","https://travel.rakuten.co.jp/HOTEL/76941/76941.html?l-id=hotelList_12_76941","44"
"東急ステイ札幌大通","https://travel.rakuten.co.jp/HOTEL/167979/167979.html?l-id=hotelList_13_167979","45"
"ホテル法華クラブ札幌","https://travel.rakuten.co.jp/HOTEL/127/127.html?l-id=hotelList_14_127","46"
"新富良野プリンスホテル","https://travel.rakuten.co.jp/HOTEL/30804/30804.html?l-id=hotelList_15_30804","47"
"函館・湯の川温泉　ホテル万惣","https://travel.rakuten.co.jp/HOTEL/151068/151068.html?l-id=hotelList_16_151068","48"
"スマイルホテル苫小牧","https://travel.rakuten.co.jp/HOTEL/137090/137090.html?l-id=hotelList_17_137090","49"
"ホテル法華クラブ函館","https://travel.rakuten.co.jp/HOTEL/126/126.html?l-id=hotelList_18_126","50"
"札幌パークホテル","https://travel.rakuten.co.jp/HOTEL/763/763.html?l-id=hotelList_19_763","51"
"からくさホテル札幌","https://travel.rakuten.co.jp/HOTEL/164491/164491.html?l-id=hotelList_20_164491","52"
"ホテルモントレ札幌","https://travel.rakuten.co.jp/HOTEL/1131/1131.html?l-id=hotelList_21_1131","53"
"東急ステイ函館朝市　灯の湯（あかりのゆ）","https://travel.rakuten.co.jp/HOTEL/179583/179583.html?l-id=hotelList_22_179583","54"
"釧路センチュリーキャッスルホテル","https://travel.rakuten.co.jp/HOTEL/9350/9350.html?l-id=hotelList_23_9350","55"
"ホテルパコ帯広駅前（旧ホテルパコ帯広２）","https://travel.rakuten.co.jp/HOTEL/50752/50752.html?l-id=hotelList_24_50752","56"
"ベストウェスタンプラスホテルフィーノ千歳","https://travel.rakuten.co.jp/HOTEL/166194/166194.html?l-id=hotelList_25_166194","57"
"ＯＮＳＥＮ　ＲＹＯＫＡＮ　由縁　札幌","https://travel.rakuten.co.jp/HOTEL/179353/179353.html?l-id=hotelList_26_179353","58"
"天然温泉　プレミアホテル―ＣＡＢＩＮ―帯広","https://travel.rakuten.co.jp/HOTEL/50753/50753.html?l-id=hotelList_27_50753","59"
"ラビスタ阿寒川（共立リゾート）","https://travel.rakuten.co.jp/HOTEL/149147/149147.html?l-id=hotelList_28_149147","60"
"ホテル　ローヤルステイ・サッポロ","https://travel.rakuten.co.jp/HOTEL/145066/145066.html?l-id=hotelList_29_145066","61"
"プレミアホテル－ＴＳＵＢＡＫＩ－札幌","https://travel.rakuten.co.jp/HOTEL/1432/1432.html?l-id=hotelList_30_1432","62"
"すすきのグランベルホテル","https://travel.rakuten.co.jp/HOTEL/182562/182562.html?l-id=hotelList_31_182562","63"
"洞爺湖温泉　洞爺観光ホテル","https://travel.rakuten.co.jp/HOTEL/12539/12539.html?l-id=hotelList_32_12539","64"
"きたゆざわ　森のソラニワ","https://travel.rakuten.co.jp/HOTEL/18832/18832.html?l-id=hotelList_ad_L000002704_1_18832","65"
"札幌エクセルホテル東急","https://travel.rakuten.co.jp/HOTEL/502/502.html?l-id=hotelList_ad_L000002704_2_502","66"
"コンフォートホテル帯広","https://travel.rakuten.co.jp/HOTEL/76807/76807.html?l-id=hotelList_3_76807","67"
"スマイルホテルプレミアム函館五稜郭","https://travel.rakuten.co.jp/HOTEL/179797/179797.html?l-id=hotelList_4_179797","68"
"ＫＩＫＩ知床　ナチュラルリゾート","https://travel.rakuten.co.jp/HOTEL/16554/16554.html?l-id=hotelList_5_16554","69"
"三井ガーデンホテル札幌ウエスト","https://travel.rakuten.co.jp/HOTEL/178218/178218.html?l-id=hotelList_6_178218","70"
"ドーミーインＰＲＥＭＩＵＭ札幌（ドーミーイン・御宿野乃　ホテルズグループ）","https://travel.rakuten.co.jp/HOTEL/14019/14019.html?l-id=hotelList_7_14019","71"
"ザ　ロイヤルパーク　キャンバス　札幌大通公園","https://travel.rakuten.co.jp/HOTEL/182601/182601.html?l-id=hotelList_8_182601","72"
"Ｔマークシティホテル札幌大通","https://travel.rakuten.co.jp/HOTEL/177743/177743.html?l-id=hotelList_9_177743","73"
"ホテルアマネク旭川〜展望浴場「四季の湯」〜","https://travel.rakuten.co.jp/HOTEL/182715/182715.html?l-id=hotelList_10_182715","74"
"ザ・レイクスイート湖の栖（洞爺サンパレスリゾート＆スパ別館）","https://travel.rakuten.co.jp/HOTEL/172346/172346.html?l-id=hotelList_11_172346","75"
"十勝川温泉　第一ホテル","https://travel.rakuten.co.jp/HOTEL/5818/5818.html?l-id=hotelList_12_5818","76"
"天然温泉　幣舞の湯　ラビスタ釧路川（ドーミーイン・御宿野乃　ホテルズグループ）","https://travel.rakuten.co.jp/HOTEL/56846/56846.html?l-id=hotelList_13_56846","77"
"ホテルモントレエーデルホフ札幌","https://travel.rakuten.co.jp/HOTEL/7523/7523.html?l-id=hotelList_14_7523","78"
"ホテルマイステイズ函館五稜郭","https://travel.rakuten.co.jp/HOTEL/70692/70692.html?l-id=hotelList_15_70692","79"
"ホテルムニン富良野（Ｈｏｔｅｌ　Ｍｕｎｉｎ　Ｆｕｒａｎｏ）","https://travel.rakuten.co.jp/HOTEL/172266/172266.html?l-id=hotelList_16_172266","80"
"森のスパリゾート　北海道ホテル","https://travel.rakuten.co.jp/HOTEL/1019/1019.html?l-id=hotelList_17_1019","81"
"湯の川温泉　花びしホテル","https://travel.rakuten.co.jp/HOTEL/29275/29275.html?l-id=hotelList_18_29275","82"
"登別温泉　第一滝本館","https://travel.rakuten.co.jp/HOTEL/30109/30109.html?l-id=hotelList_19_30109","83"
"札幌ワシントンホテルプラザ（２０２２年３月１日新規開業）","https://travel.rakuten.co.jp/HOTEL/183497/183497.html?l-id=hotelList_20_183497","84"
"ＪＲイン旭川","https://travel.rakuten.co.jp/HOTEL/147739/147739.html?l-id=hotelList_21_147739","85"
"ホテル　ナトゥールヴァルト富良野","https://travel.rakuten.co.jp/HOTEL/75270/75270.html?l-id=hotelList_22_75270","86"
"ＪＲイン札幌","https://travel.rakuten.co.jp/HOTEL/72781/72781.html?l-id=hotelList_23_72781","87"
"天然温泉　天都の湯　ドーミーイン網走（ドーミーイン・御宿野乃　ホテルズグループ）","https://travel.rakuten.co.jp/HOTEL/151526/151526.html?l-id=hotelList_24_151526","88"
"ホテルマイステイズプレミア札幌パーク","https://travel.rakuten.co.jp/HOTEL/5903/5903.html?l-id=hotelList_25_5903","89"
"プレミアホテル　中島公園　札幌","https://travel.rakuten.co.jp/HOTEL/41399/41399.html?l-id=hotelList_26_41399","90"
"ＪＲイン千歳","https://travel.rakuten.co.jp/HOTEL/167873/167873.html?l-id=hotelList_27_167873","91"
"ＪＲイン札幌北２条","https://travel.rakuten.co.jp/HOTEL/179085/179085.html?l-id=hotelList_28_179085","92"
"ＫＯＫＯ　ＨＯＴＥＬ　札幌駅前","https://travel.rakuten.co.jp/HOTEL/181422/181422.html?l-id=hotelList_29_181422","93"
"ホテルルートインＧｒａｎｄ北見駅前","https://travel.rakuten.co.jp/HOTEL/158819/158819.html?l-id=hotelList_30_158819","94"
"十勝川温泉　観月苑","https://travel.rakuten.co.jp/HOTEL/19237/19237.html?l-id=hotelList_31_19237","95"
"ＪＲイン函館","https://travel.rakuten.co.jp/HOTEL/177807/177807.html?l-id=hotelList_32_177807","96"
"きたゆざわ　森のソラニワ","https://travel.rakuten.co.jp/HOTEL/18832/18832.html?l-id=hotelList_ad_L000002704_1_18832","97"
"札幌エクセルホテル東急","https://travel.rakuten.co.jp/HOTEL/502/502.html?l-id=hotelList_ad_L000002704_2_502","98"
"サフィールホテル稚内","https://travel.rakuten.co.jp/HOTEL/20711/20711.html?l-id=hotelList_3_20711","99"
"ジャスマックプラザホテル","https://travel.rakuten.co.jp/HOTEL/5147/5147.html?l-id=hotelList_4_5147","100"
"ホテルリリーフ札幌すすきの","https://travel.rakuten.co.jp/HOTEL/146123/146123.html?l-id=hotelList_5_146123","101"
"イマジンホテル＆リゾート函館","https://travel.rakuten.co.jp/HOTEL/137023/137023.html?l-id=hotelList_6_137023","102"
"湖畔の宿　支笏湖　丸駒温泉旅館","https://travel.rakuten.co.jp/HOTEL/30970/30970.html?l-id=hotelList_7_30970","103"
"ホテル＆コンドミニアム　一花　［ＨＩＴＯＨＡＮＡ］","https://travel.rakuten.co.jp/HOTEL/168483/168483.html?l-id=hotelList_8_168483","104"
"コンフォートホテル函館","https://travel.rakuten.co.jp/HOTEL/68526/68526.html?l-id=hotelList_9_68526","105"
"フレックステイイン函館駅前","https://travel.rakuten.co.jp/HOTEL/183179/183179.html?l-id=hotelList_10_183179","106"
"コンフォートホテル札幌すすきの","https://travel.rakuten.co.jp/HOTEL/166910/166910.html?l-id=hotelList_11_166910","107"
"ホテルＷＢＦグランデ旭川","https://travel.rakuten.co.jp/HOTEL/148897/148897.html?l-id=hotelList_12_148897","108"
"ホテルビスタ札幌［大通］","https://travel.rakuten.co.jp/HOTEL/76356/76356.html?l-id=hotelList_13_76356","109"
"ホテルノルド小樽","https://travel.rakuten.co.jp/HOTEL/3119/3119.html?l-id=hotelList_14_3119","110"
"天然温泉プレミアホテル―ＣＡＢＩＮ―旭川","https://travel.rakuten.co.jp/HOTEL/50750/50750.html?l-id=hotelList_15_50750","111"
"ホテルクラビーサッポロ","https://travel.rakuten.co.jp/HOTEL/851/851.html?l-id=hotelList_16_851","112"
"天然温泉　幸鐘の湯　ドーミーイン東室蘭（ドーミーイン・御宿野乃　ホテルズグループ）","https://travel.rakuten.co.jp/HOTEL/149334/149334.html?l-id=hotelList_17_149334","113"
"クイーンズホテル千歳","https://travel.rakuten.co.jp/HOTEL/153675/153675.html?l-id=hotelList_18_153675","114"
"リッチモンドホテル札幌大通","https://travel.rakuten.co.jp/HOTEL/10888/10888.html?l-id=hotelList_19_10888","115"
"天然温泉　丹頂の湯　スーパーホテル釧路天然温泉","https://travel.rakuten.co.jp/HOTEL/51770/51770.html?l-id=hotelList_20_51770","116"
"十勝幕別温泉　グランヴィリオホテル　－ルートインホテルズ－","https://travel.rakuten.co.jp/HOTEL/20455/20455.html?l-id=hotelList_21_20455","117"
"三井ガーデンホテル札幌","https://travel.rakuten.co.jp/HOTEL/104743/104743.html?l-id=hotelList_22_104743","118"
"定山渓温泉　定山渓ビューホテル","https://travel.rakuten.co.jp/HOTEL/11270/11270.html?l-id=hotelList_23_11270","119"
"ホテルサンシティー函館","https://travel.rakuten.co.jp/HOTEL/9675/9675.html?l-id=hotelList_24_9675","120"
"星野リゾート　トマム　ザ・タワー","https://travel.rakuten.co.jp/HOTEL/30110/30110.html?l-id=hotelList_25_30110","121"
"天然温泉　白鳥の湯　スーパーホテル釧路駅前","https://travel.rakuten.co.jp/HOTEL/70737/70737.html?l-id=hotelList_26_70737","122"
"天然温泉　空沼の湯　スーパーホテル札幌・すすきの","https://travel.rakuten.co.jp/HOTEL/70730/70730.html?l-id=hotelList_27_70730","123"
"天然温泉　白樺の湯　ドーミーイン帯広（ドーミーイン・御宿野乃　ホテルズグループ）","https://travel.rakuten.co.jp/HOTEL/104567/104567.html?l-id=hotelList_28_104567","124"
"狸の湯　ドーミーイン札幌ＡＮＮＥＸ（ドーミーイン・御宿野乃　ホテルズグループ）","https://travel.rakuten.co.jp/HOTEL/31454/31454.html?l-id=hotelList_29_31454","125"
"天然温泉　神威の湯　ドーミーイン旭川（ドーミーイン・御宿野乃　ホテルズグループ）","https://travel.rakuten.co.jp/HOTEL/104566/104566.html?l-id=hotelList_30_104566","126"
"コンフォートホテル苫小牧","https://travel.rakuten.co.jp/HOTEL/68472/68472.html?l-id=hotelList_31_68472","127"
"スマイルホテルプレミアム札幌すすきの","https://travel.rakuten.co.jp/HOTEL/165708/165708.html?l-id=hotelList_32_165708","128"
"きたゆざわ　森のソラニワ","https://travel.rakuten.co.jp/HOTEL/18832/18832.html?l-id=hotelList_ad_L000002704_1_18832","129"
"札幌エクセルホテル東急","https://travel.rakuten.co.jp/HOTEL/502/502.html?l-id=hotelList_ad_L000002704_2_502","130"
"ホテル　御前水","https://travel.rakuten.co.jp/HOTEL/44382/44382.html?l-id=hotelList_3_44382","131"
"コンフォートホテル釧路","https://travel.rakuten.co.jp/HOTEL/84903/84903.html?l-id=hotelList_4_84903","132"
"天然温泉　樽前の湯　ドーミーイン苫小牧（ドーミーイン・御宿野乃　ホテルズグループ）","https://travel.rakuten.co.jp/HOTEL/70855/70855.html?l-id=hotelList_5_70855","133"
"ホテル・ラ・ジェント・プラザ函館北斗","https://travel.rakuten.co.jp/HOTEL/160793/160793.html?l-id=hotelList_6_160793","134"
"くれたけイン旭川","https://travel.rakuten.co.jp/HOTEL/153679/153679.html?l-id=hotelList_7_153679","135"
"ホテル　ルートイン　千歳駅前","https://travel.rakuten.co.jp/HOTEL/72874/72874.html?l-id=hotelList_8_72874","136"
"洞爺湖万世閣ホテルレイクサイドテラス","https://travel.rakuten.co.jp/HOTEL/20613/20613.html?l-id=hotelList_9_20613","137"
"リゾートイン　ノースカントリー","https://travel.rakuten.co.jp/HOTEL/13542/13542.html?l-id=hotelList_10_13542","138"
"フォーポイントバイシェラトン函館（マリオットグループ）","https://travel.rakuten.co.jp/HOTEL/4932/4932.html?l-id=hotelList_11_4932","139"
"白金温泉　白金四季の森　ホテル　パークヒルズ","https://travel.rakuten.co.jp/HOTEL/9611/9611.html?l-id=hotelList_12_9611","140"
"ホテルウィングインターナショナル苫小牧","https://travel.rakuten.co.jp/HOTEL/143257/143257.html?l-id=hotelList_13_143257","141"
"望楼ＮＯＧＵＣＨＩ函館","https://travel.rakuten.co.jp/HOTEL/109498/109498.html?l-id=hotelList_14_109498","142"
"北こぶし知床　ホテル＆リゾート","https://travel.rakuten.co.jp/HOTEL/8312/8312.html?l-id=hotelList_15_8312","143"
"リッチモンドホテル帯広駅前","https://travel.rakuten.co.jp/HOTEL/70757/70757.html?l-id=hotelList_16_70757","144"
"ＳＰＡ＆ＨＯＴＥＬＲＥＳＯＲＴ　ふらのラテール","https://travel.rakuten.co.jp/HOTEL/109429/109429.html?l-id=hotelList_17_109429","145"
"ＪＲイン札幌駅南口","https://travel.rakuten.co.jp/HOTEL/153500/153500.html?l-id=hotelList_18_153500","146"
"天然温泉　大志の湯　スーパーホテル札幌・北５条通","https://travel.rakuten.co.jp/HOTEL/181090/181090.html?l-id=hotelList_19_181090","147"
"ウトロ温泉　知床第一ホテル","https://travel.rakuten.co.jp/HOTEL/4902/4902.html?l-id=hotelList_20_4902","148"
"阿寒湖畔温泉　ニュー阿寒ホテル","https://travel.rakuten.co.jp/HOTEL/9568/9568.html?l-id=hotelList_21_9568","149"
"ホテルルートイン　札幌駅前北口","https://travel.rakuten.co.jp/HOTEL/56806/56806.html?l-id=hotelList_22_56806","150"
"２ＮＤ　ｂｙ　ｈｏｔｅｌ　ａｎｄｒｏｏｍｓ　札幌（２０２２年４月１５日ＯＰＥＮ）","https://travel.rakuten.co.jp/HOTEL/183842/183842.html?l-id=hotelList_23_183842","151"
"リッチモンドホテル札幌駅前","https://travel.rakuten.co.jp/HOTEL/50125/50125.html?l-id=hotelList_24_50125","152"
"天然温泉　灯の湯　ドーミーインＰＲＥＭＩＵＭ小樽（ドーミーイン・御宿野乃　ホテルズグループ）","https://travel.rakuten.co.jp/HOTEL/76876/76876.html?l-id=hotelList_25_76876","153"
"ホテル大雪　ＯＮＳＥＮ＆ＣＡＮＹＯＮ　ＲＥＳＯＲＴ","https://travel.rakuten.co.jp/HOTEL/40960/40960.html?l-id=hotelList_26_40960","154"
"札幌エクセルホテル東急","https://travel.rakuten.co.jp/HOTEL/502/502.html?l-id=hotelList_27_502","155"
"Ｒホテルズイン北海道旭川","https://travel.rakuten.co.jp/HOTEL/166427/166427.html?l-id=hotelList_28_166427","156"
"ＪＲ東日本ホテルメッツ札幌","https://travel.rakuten.co.jp/HOTEL/167971/167971.html?l-id=hotelList_29_167971","157"
"紋別プリンスホテル","https://travel.rakuten.co.jp/HOTEL/3153/3153.html?l-id=hotelList_30_3153","158"
"オホーツク温泉ホテル日の出岬","https://travel.rakuten.co.jp/HOTEL/135971/135971.html?l-id=hotelList_31_135971","159"
"登別温泉　ホテルゆもと登別","https://travel.rakuten.co.jp/HOTEL/9691/9691.html?l-id=hotelList_32_9691","160"
"きたゆざわ　森のソラニワ","https://travel.rakuten.co.jp/HOTEL/18832/18832.html?l-id=hotelList_ad_L000002704_1_18832","161"
"札幌エクセルホテル東急","https://travel.rakuten.co.jp/HOTEL/502/502.html?l-id=hotelList_ad_L000002704_2_502","162"
"登別温泉　登別グランドホテル","https://travel.rakuten.co.jp/HOTEL/39175/39175.html?l-id=hotelList_3_39175","163"
"アパホテル＜札幌すすきの駅前＞","https://travel.rakuten.co.jp/HOTEL/140844/140844.html?l-id=hotelList_4_140844","164"
"ビスポークホテル札幌","https://travel.rakuten.co.jp/HOTEL/182488/182488.html?l-id=hotelList_5_182488","165"
"天然温泉　天北の湯　ドーミーイン稚内（ドーミーイン・御宿野乃　ホテルズグループ）","https://travel.rakuten.co.jp/HOTEL/67473/67473.html?l-id=hotelList_6_67473","166"
"天然温泉　常呂川の湯　ドーミーイン北見（ドーミーイン・御宿野乃　ホテルズグループ）","https://travel.rakuten.co.jp/HOTEL/55217/55217.html?l-id=hotelList_7_55217","167"
"千歳ステーションホテル","https://travel.rakuten.co.jp/HOTEL/31076/31076.html?l-id=hotelList_8_31076","168"
"ホテル　リボーン野幌","https://travel.rakuten.co.jp/HOTEL/177660/177660.html?l-id=hotelList_9_177660","169"
"天然温泉　紫雲の湯　ラビスタ富良野ヒルズ（ドーミーイン・御宿野乃　ホテルズグループ）","https://travel.rakuten.co.jp/HOTEL/176997/176997.html?l-id=hotelList_10_176997","170"
"ホテルネッツ札幌","https://travel.rakuten.co.jp/HOTEL/160923/160923.html?l-id=hotelList_11_160923","171"
"夕陽と音楽を堪能する眺望リゾート　新冠温泉　ホテルヒルズ","https://travel.rakuten.co.jp/HOTEL/55432/55432.html?l-id=hotelList_12_55432","172"
"オーセントホテル小樽","https://travel.rakuten.co.jp/HOTEL/825/825.html?l-id=hotelList_13_825","173"
"しこつ湖鶴雅リゾートスパ水の謌","https://travel.rakuten.co.jp/HOTEL/9563/9563.html?l-id=hotelList_14_9563","174"
"湯の川温泉　湯の川プリンスホテル渚亭","https://travel.rakuten.co.jp/HOTEL/5842/5842.html?l-id=hotelList_15_5842","175"
"グランドホテルニュー王子","https://travel.rakuten.co.jp/HOTEL/2049/2049.html?l-id=hotelList_16_2049","176"
"登別　石水亭","https://travel.rakuten.co.jp/HOTEL/5500/5500.html?l-id=hotelList_17_5500","177"
"北見ピアソンホテル","https://travel.rakuten.co.jp/HOTEL/232/232.html?l-id=hotelList_18_232","178"
"釧路プリンスホテル","https://travel.rakuten.co.jp/HOTEL/4844/4844.html?l-id=hotelList_19_4844","179"
"湯の川　純和風旅館　一乃松","https://travel.rakuten.co.jp/HOTEL/19236/19236.html?l-id=hotelList_20_19236","180"
"新苫小牧プリンスホテル「和〜なごみ〜」","https://travel.rakuten.co.jp/HOTEL/166517/166517.html?l-id=hotelList_21_166517","181"
"ゆとりろ洞爺湖","https://travel.rakuten.co.jp/HOTEL/29995/29995.html?l-id=hotelList_22_29995","182"
"クインテッサホテル札幌すすきの","https://travel.rakuten.co.jp/HOTEL/179365/179365.html?l-id=hotelList_23_179365","183"
"川湯温泉　ＫＫＲかわゆ（国家公務員共済組合連合会川湯保養所）","https://travel.rakuten.co.jp/HOTEL/15233/15233.html?l-id=hotelList_24_15233","184"
"ＦＵＲＡＮＯ　ＮＡＴＵＬＵＸ　ＨＯＴＥＬ（富良野　ナチュラクス　ホテル）","https://travel.rakuten.co.jp/HOTEL/67066/67066.html?l-id=hotelList_25_67066","185"
"ホテルルートイン札幌中央","https://travel.rakuten.co.jp/HOTEL/108142/108142.html?l-id=hotelList_26_108142","186"
"さんご草の郷　能取の荘　かがり屋","https://travel.rakuten.co.jp/HOTEL/20649/20649.html?l-id=hotelList_27_20649","187"
"ＨＡＫＯＤＡＴＥ　海峡の風","https://travel.rakuten.co.jp/HOTEL/153116/153116.html?l-id=hotelList_28_153116","188"
"エアターミナルホテル","https://travel.rakuten.co.jp/HOTEL/137428/137428.html?l-id=hotelList_29_137428","189"
"ＯＭＯ７旭川　ｂｙ　星野リゾート","https://travel.rakuten.co.jp/HOTEL/165109/165109.html?l-id=hotelList_30_165109","190"
"礼文温泉　花れぶん＜礼文島＞","https://travel.rakuten.co.jp/HOTEL/52010/52010.html?l-id=hotelList_31_52010","191"
"ウトロ温泉　ホテル知床","https://travel.rakuten.co.jp/HOTEL/31099/31099.html?l-id=hotelList_32_31099","192"
"きたゆざわ　森のソラニワ","https://travel.rakuten.co.jp/HOTEL/18832/18832.html?l-id=hotelList_ad_L000002704_1_18832","193"
"札幌エクセルホテル東急","https://travel.rakuten.co.jp/HOTEL/502/502.html?l-id=hotelList_ad_L000002704_2_502","194"
"新さっぽろアークシティホテル","https://travel.rakuten.co.jp/HOTEL/813/813.html?l-id=hotelList_3_813","195"
"アンワインドホテルアンドバー小樽（ＵＮＷＩＮＤ　ＨＯＴＥＬ　＆　ＢＡＲ　小樽）","https://travel.rakuten.co.jp/HOTEL/172337/172337.html?l-id=hotelList_4_172337","196"
"ニセコアンヌプリ温泉　湯心亭（ゆごころてい）","https://travel.rakuten.co.jp/HOTEL/13968/13968.html?l-id=hotelList_5_13968","197"
"ペンションう〜に〜＜礼文島＞","https://travel.rakuten.co.jp/HOTEL/68480/68480.html?l-id=hotelList_6_68480","198"
"アートホテル旭川","https://travel.rakuten.co.jp/HOTEL/224/224.html?l-id=hotelList_7_224","199"
"フレイムホテル札幌","https://travel.rakuten.co.jp/HOTEL/130132/130132.html?l-id=hotelList_8_130132","200"
"十勝ガーデンズホテル","https://travel.rakuten.co.jp/HOTEL/870/870.html?l-id=hotelList_9_870","201"
"ホテルプロモート函館","https://travel.rakuten.co.jp/HOTEL/140745/140745.html?l-id=hotelList_10_140745","202"
"ネストホテル札幌駅前","https://travel.rakuten.co.jp/HOTEL/142610/142610.html?l-id=hotelList_11_142610","203"
"ザ・ウィンザーホテル洞爺　リゾート＆スパ","https://travel.rakuten.co.jp/HOTEL/15606/15606.html?l-id=hotelList_12_15606","204"
"ホテルパコ帯広中央（旧ホテルパコ帯広３）","https://travel.rakuten.co.jp/HOTEL/50749/50749.html?l-id=hotelList_13_50749","205"
"天然温泉　大雪山の湯　スーパーホテル旭川","https://travel.rakuten.co.jp/HOTEL/128580/128580.html?l-id=hotelList_14_128580","206"
"ザ　ノット　札幌","https://travel.rakuten.co.jp/HOTEL/178396/178396.html?l-id=hotelList_15_178396","207"
"ザ　レイクビュー　ＴＯＹＡ　乃の風リゾート","https://travel.rakuten.co.jp/HOTEL/139962/139962.html?l-id=hotelList_16_139962","208"
"ポルトムインターナショナル北海道","https://travel.rakuten.co.jp/HOTEL/178465/178465.html?l-id=hotelList_17_178465","209"
"ホテルアベスト札幌（旧：ホテルサンルートニュー札幌）","https://travel.rakuten.co.jp/HOTEL/182842/182842.html?l-id=hotelList_18_182842","210"
"ホテルエリアワン帯広（ＨＯＴＥＬ　Ａｒｅａｏｎｅ）","https://travel.rakuten.co.jp/HOTEL/141905/141905.html?l-id=hotelList_19_141905","211"
"あかん遊久の里鶴雅","https://travel.rakuten.co.jp/HOTEL/40045/40045.html?l-id=hotelList_20_40045","212"
"ホテルエリアワン千歳（ＨＯＴＥＬ　Ａｒｅａｏｎｅ）","https://travel.rakuten.co.jp/HOTEL/139832/139832.html?l-id=hotelList_21_139832","213"
"湯の川温泉　平成館　しおさい亭　別館花月","https://travel.rakuten.co.jp/HOTEL/37469/37469.html?l-id=hotelList_22_37469","214"
"朝里川温泉　小樽朝里クラッセホテル","https://travel.rakuten.co.jp/HOTEL/5490/5490.html?l-id=hotelList_23_5490","215"
"緑の風リゾート　きたゆざわ","https://travel.rakuten.co.jp/HOTEL/149046/149046.html?l-id=hotelList_24_149046","216"
"ネストホテル札幌大通","https://travel.rakuten.co.jp/HOTEL/791/791.html?l-id=hotelList_25_791","217"
"三笠天然温泉　太古の湯　スパリゾートＨＯＴＥＬ　ＴＡＩＫＯ・別邸　旅籠","https://travel.rakuten.co.jp/HOTEL/161155/161155.html?l-id=hotelList_26_161155","218"
"釧路ロイヤルイン","https://travel.rakuten.co.jp/HOTEL/14955/14955.html?l-id=hotelList_27_14955","219"
"ホテル美雪","https://travel.rakuten.co.jp/HOTEL/49360/49360.html?l-id=hotelList_28_49360","220"
"虎杖浜天然温泉「旅人の湯」ホテルルートイン東室蘭駅前","https://travel.rakuten.co.jp/HOTEL/78111/78111.html?l-id=hotelList_29_78111","221"
"ホテルルートインＧｒａｎｄ旭川駅前","https://travel.rakuten.co.jp/HOTEL/151372/151372.html?l-id=hotelList_30_151372","222"
"Ａ－ＧＡＴＥ　ＨＯＴＥＬ　旭川","https://travel.rakuten.co.jp/HOTEL/167079/167079.html?l-id=hotelList_31_167079","223"
"ホテル　雲丹御殿＜利尻島＞","https://travel.rakuten.co.jp/HOTEL/68286/68286.html?l-id=hotelList_32_68286","224"
"きたゆざわ　森のソラニワ","https://travel.rakuten.co.jp/HOTEL/18832/18832.html?l-id=hotelList_ad_L000002704_1_18832","225"
"札幌エクセルホテル東急","https://travel.rakuten.co.jp/HOTEL/502/502.html?l-id=hotelList_ad_L000002704_2_502","226"
"ルートイン旭川駅前一条通","https://travel.rakuten.co.jp/HOTEL/38810/38810.html?l-id=hotelList_3_38810","227"
"ヴィラ・コンコルディア　リゾート＆スパ","https://travel.rakuten.co.jp/HOTEL/70859/70859.html?l-id=hotelList_4_70859","228"
"ホテルマイステイズ名寄","https://travel.rakuten.co.jp/HOTEL/147616/147616.html?l-id=hotelList_5_147616","229"
"定山渓温泉　ぬくもりの宿　ふる川","https://travel.rakuten.co.jp/HOTEL/1037/1037.html?l-id=hotelList_6_1037","230"
"備長炭の湯　ホテルグランテラス千歳（ＢＢＨホテルグループ）","https://travel.rakuten.co.jp/HOTEL/5255/5255.html?l-id=hotelList_7_5255","231"
"ＯＭＯ３札幌すすきの　ｂｙ　星野リゾート","https://travel.rakuten.co.jp/HOTEL/183177/183177.html?l-id=hotelList_8_183177","232"
"スマイルホテル旭川","https://travel.rakuten.co.jp/HOTEL/14839/14839.html?l-id=hotelList_9_14839","233"
"ホテルＷＢＦ釧路","https://travel.rakuten.co.jp/HOTEL/76489/76489.html?l-id=hotelList_10_76489","234"
"ホテルＷＢＦ札幌中央","https://travel.rakuten.co.jp/HOTEL/844/844.html?l-id=hotelList_11_844","235"
"ホテルリソル札幌　中島公園","https://travel.rakuten.co.jp/HOTEL/835/835.html?l-id=hotelList_12_835","236"
"お宿欣喜湯　別邸　忍冬（ＳＵＩＫＡＺＵＲＡ）","https://travel.rakuten.co.jp/HOTEL/182124/182124.html?l-id=hotelList_13_182124","237"
"ホテルルートイン札幌北四条","https://travel.rakuten.co.jp/HOTEL/19546/19546.html?l-id=hotelList_14_19546","238"
"定山渓温泉　花もみじ","https://travel.rakuten.co.jp/HOTEL/54584/54584.html?l-id=hotelList_15_54584","239"
"湯宿くったり温泉レイク・イン","https://travel.rakuten.co.jp/HOTEL/109036/109036.html?l-id=hotelList_16_109036","240"
"ホテルリソル函館","https://travel.rakuten.co.jp/HOTEL/5000/5000.html?l-id=hotelList_17_5000","241"
"登別カルルス温泉　湯元オロフレ荘","https://travel.rakuten.co.jp/HOTEL/80732/80732.html?l-id=hotelList_18_80732","242"
"ホテルビスタ札幌　中島公園","https://travel.rakuten.co.jp/HOTEL/54615/54615.html?l-id=hotelList_19_54615","243"
"ホテルＷＢＦフォーステイ札幌","https://travel.rakuten.co.jp/HOTEL/177077/177077.html?l-id=hotelList_20_177077","244"
"ホテル・トリフィート小樽運河","https://travel.rakuten.co.jp/HOTEL/166148/166148.html?l-id=hotelList_21_166148","245"
"網走セントラルホテル","https://travel.rakuten.co.jp/HOTEL/829/829.html?l-id=hotelList_22_829","246"
"ホテルルートインＧｒａｎｄ室蘭","https://travel.rakuten.co.jp/HOTEL/168374/168374.html?l-id=hotelList_23_168374","247"
"ホテルウィングインターナショナル札幌すすきの（全室禁煙）","https://travel.rakuten.co.jp/HOTEL/176801/176801.html?l-id=hotelList_24_176801","248"
"天然温泉プレミアホテル―ＣＡＢＩＮ―札幌","https://travel.rakuten.co.jp/HOTEL/50747/50747.html?l-id=hotelList_25_50747","249"
"ベストウェスタン札幌大通公園","https://travel.rakuten.co.jp/HOTEL/165681/165681.html?l-id=hotelList_26_165681","250"
"ホテル　ニューホワイトハウス","https://travel.rakuten.co.jp/HOTEL/76792/76792.html?l-id=hotelList_27_76792","251"
"定山渓温泉　定山渓第一寶亭留　翠山亭","https://travel.rakuten.co.jp/HOTEL/875/875.html?l-id=hotelList_28_875","252"
"センチュリオンホテル＆スパ札幌","https://travel.rakuten.co.jp/HOTEL/39513/39513.html?l-id=hotelList_29_39513","253"
"天然温泉　花畔の湯　スーパーホテル石狩","https://travel.rakuten.co.jp/HOTEL/178719/178719.html?l-id=hotelList_30_178719","254"
"ホテルラヴニール美瑛","https://travel.rakuten.co.jp/HOTEL/37509/37509.html?l-id=hotelList_31_37509","255"
"カントリーコテージ和樹あい愛","https://travel.rakuten.co.jp/HOTEL/151052/151052.html?l-id=hotelList_32_151052","256"
"きたゆざわ　森のソラニワ","https://travel.rakuten.co.jp/HOTEL/18832/18832.html?l-id=hotelList_ad_L000002704_1_18832","257"
"札幌エクセルホテル東急","https://travel.rakuten.co.jp/HOTEL/502/502.html?l-id=hotelList_ad_L000002704_2_502","258"
"温根湯温泉　美白の湯宿　大江本家","https://travel.rakuten.co.jp/HOTEL/31253/31253.html?l-id=hotelList_3_31253","259"
"満天の星空を堪能するリゾート　芦別温泉スターライトホテル　＆　おふろｃａｆe星遊館","https://travel.rakuten.co.jp/HOTEL/109464/109464.html?l-id=hotelList_4_109464","260"
"アパホテル＜室蘭＞","https://travel.rakuten.co.jp/HOTEL/74543/74543.html?l-id=hotelList_5_74543","261"
"サロマ湖鶴雅リゾート","https://travel.rakuten.co.jp/HOTEL/41049/41049.html?l-id=hotelList_6_41049","262"
"薬湯風呂　ホテルグランテラス帯広（ＢＢＨホテルグループ）","https://travel.rakuten.co.jp/HOTEL/500/500.html?l-id=hotelList_7_500","263"
"ホテルサンルート札幌","https://travel.rakuten.co.jp/HOTEL/11019/11019.html?l-id=hotelList_8_11019","264"
"北天の丘あばしり湖鶴雅リゾート","https://travel.rakuten.co.jp/HOTEL/68067/68067.html?l-id=hotelList_9_68067","265"
"ペンション群林風（グリーンウィンド）＜利尻島＞","https://travel.rakuten.co.jp/HOTEL/38229/38229.html?l-id=hotelList_10_38229","266"
"アパホテル＜ＴＫＰ札幌駅前＞","https://travel.rakuten.co.jp/HOTEL/147185/147185.html?l-id=hotelList_11_147185","267"
"洞爺サンパレス　リゾート＆スパ","https://travel.rakuten.co.jp/HOTEL/17810/17810.html?l-id=hotelList_12_17810","268"
"帯広天然温泉　ふく井ホテル","https://travel.rakuten.co.jp/HOTEL/11331/11331.html?l-id=hotelList_13_11331","269"
"北見東和ホテル","https://travel.rakuten.co.jp/HOTEL/8311/8311.html?l-id=hotelList_14_8311","270"
"花鐘亭はなや","https://travel.rakuten.co.jp/HOTEL/54865/54865.html?l-id=hotelList_15_54865","271"
"望楼ＮＯＧＵＣＨＩ登別","https://travel.rakuten.co.jp/HOTEL/51198/51198.html?l-id=hotelList_16_51198","272"
"アパホテル＜函館駅前＞","https://travel.rakuten.co.jp/HOTEL/167475/167475.html?l-id=hotelList_17_167475","273"
"ＧＡＲＤＥＮＳ　ＣＡＢＩＮ（ガーデンズ　キャビン）","https://travel.rakuten.co.jp/HOTEL/176737/176737.html?l-id=hotelList_18_176737","274"
"運河の宿　おたる　ふる川","https://travel.rakuten.co.jp/HOTEL/1734/1734.html?l-id=hotelList_19_1734","275"
"ランプライトブックスホテル札幌","https://travel.rakuten.co.jp/HOTEL/182617/182617.html?l-id=hotelList_20_182617","276"
"ホテルノイシュロス小樽","https://travel.rakuten.co.jp/HOTEL/20682/20682.html?l-id=hotelList_21_20682","277"
"クインテッサホテル札幌","https://travel.rakuten.co.jp/HOTEL/410/410.html?l-id=hotelList_22_410","278"
"北見天然温泉「旅人の湯」ホテルルートイン北見大通西","https://travel.rakuten.co.jp/HOTEL/51218/51218.html?l-id=hotelList_23_51218","279"
"Ｒ＆Ｂホテル札幌北３西２","https://travel.rakuten.co.jp/HOTEL/18175/18175.html?l-id=hotelList_24_18175","280"
"羅臼の宿　まるみ","https://travel.rakuten.co.jp/HOTEL/16748/16748.html?l-id=hotelList_25_16748","281"
"登別温泉　ホテル　まほろば","https://travel.rakuten.co.jp/HOTEL/12568/12568.html?l-id=hotelList_26_12568","282"
"ホテル大将","https://travel.rakuten.co.jp/HOTEL/9505/9505.html?l-id=hotelList_27_9505","283"
"Ｃｏｚｙ　Ｉｎｎ　ＯＴＡＲＵ","https://travel.rakuten.co.jp/HOTEL/178636/178636.html?l-id=hotelList_28_178636","284"
"登別温泉郷　滝乃家","https://travel.rakuten.co.jp/HOTEL/72815/72815.html?l-id=hotelList_29_72815","285"
"心のリゾート　海の別邸ふる川","https://travel.rakuten.co.jp/HOTEL/109022/109022.html?l-id=hotelList_30_109022","286"
"ＶＩＬＬＡ　ＫＯＳＨＩＤＯ　ＫＯＴＯＮＩ","https://travel.rakuten.co.jp/HOTEL/179324/179324.html?l-id=hotelList_31_179324","287"
"天然温泉ホテルリブマックスＰＲＥＭＩＵＭ札幌大通公園","https://travel.rakuten.co.jp/HOTEL/182192/182192.html?l-id=hotelList_32_182192","288"
"きたゆざわ　森のソラニワ","https://travel.rakuten.co.jp/HOTEL/18832/18832.html?l-id=hotelList_ad_L000002704_1_18832","289"
"札幌エクセルホテル東急","https://travel.rakuten.co.jp/HOTEL/502/502.html?l-id=hotelList_ad_L000002704_2_502","290"
"ＡＮＡホリデイ・イン札幌すすきの","https://travel.rakuten.co.jp/HOTEL/585/585.html?l-id=hotelList_3_585","291"
"静内エクリプスホテル","https://travel.rakuten.co.jp/HOTEL/145283/145283.html?l-id=hotelList_4_145283","292"
"ホテルエリアワン釧路（ＨＯＴＥＬ　Ａｒｅａｏｎｅ）","https://travel.rakuten.co.jp/HOTEL/67238/67238.html?l-id=hotelList_5_67238","293"
"スーパーホテル北見","https://travel.rakuten.co.jp/HOTEL/70878/70878.html?l-id=hotelList_6_70878","294"
"天然温泉　拓聖の湯　スーパーホテルＰｒｅｍｉｅｒ帯広駅前","https://travel.rakuten.co.jp/HOTEL/173059/173059.html?l-id=hotelList_7_173059","295"
"函館天然温泉ルートイングランティア函館駅前","https://travel.rakuten.co.jp/HOTEL/39297/39297.html?l-id=hotelList_8_39297","296"
"割烹旅館　若松","https://travel.rakuten.co.jp/HOTEL/182122/182122.html?l-id=hotelList_9_182122","297"
"登別温泉　御やど清水屋","https://travel.rakuten.co.jp/HOTEL/9535/9535.html?l-id=hotelList_10_9535","298"
"阿寒湖畔温泉　ホテル阿寒湖荘","https://travel.rakuten.co.jp/HOTEL/7899/7899.html?l-id=hotelList_11_7899","299"
"ホテルリブマックス札幌すすきの","https://travel.rakuten.co.jp/HOTEL/172012/172012.html?l-id=hotelList_12_172012","300"
"稚内グランドホテル","https://travel.rakuten.co.jp/HOTEL/51633/51633.html?l-id=hotelList_13_51633","301"
"ホテルアクシアイン札幌すすきの","https://travel.rakuten.co.jp/HOTEL/160742/160742.html?l-id=hotelList_14_160742","302"
"ニセコ昆布温泉　ホテル甘露の森","https://travel.rakuten.co.jp/HOTEL/20092/20092.html?l-id=hotelList_15_20092","303"
"ホテルパールシティ札幌","https://travel.rakuten.co.jp/HOTEL/4685/4685.html?l-id=hotelList_16_4685","304"
"ＨＯＴＥＬ　ＴＲＵＮＫ　ＷＡＫＫＡＮＡＩ","https://travel.rakuten.co.jp/HOTEL/181818/181818.html?l-id=hotelList_17_181818","305"
"定山渓鶴雅リゾートスパ森の謌","https://travel.rakuten.co.jp/HOTEL/107757/107757.html?l-id=hotelList_18_107757","306"
"函館天然温泉ルートイングランティア函館五稜郭","https://travel.rakuten.co.jp/HOTEL/72735/72735.html?l-id=hotelList_19_72735","307"
"ホテル札幌ガーデンパレス","https://travel.rakuten.co.jp/HOTEL/8908/8908.html?l-id=hotelList_20_8908","308"
"千歳第一ホテル","https://travel.rakuten.co.jp/HOTEL/9667/9667.html?l-id=hotelList_21_9667","309"
"富良野リゾートホテル　エーデルヴェルメ","https://travel.rakuten.co.jp/HOTEL/16240/16240.html?l-id=hotelList_22_16240","310"
"登別温泉　滝乃家別館　玉乃湯","https://travel.rakuten.co.jp/HOTEL/41141/41141.html?l-id=hotelList_23_41141","311"
"しこつ湖　鶴雅別荘　碧の座","https://travel.rakuten.co.jp/HOTEL/172249/172249.html?l-id=hotelList_24_172249","312"
"星野リゾート　リゾナーレトマム","https://travel.rakuten.co.jp/HOTEL/153196/153196.html?l-id=hotelList_25_153196","313"
"天然温泉　漁火の湯　スーパーホテル函館","https://travel.rakuten.co.jp/HOTEL/69326/69326.html?l-id=hotelList_26_69326","314"
"陶灯りの宿　らうす第一ホテル","https://travel.rakuten.co.jp/HOTEL/67493/67493.html?l-id=hotelList_27_67493","315"
"網走湖畔温泉　ホテル網走湖荘","https://travel.rakuten.co.jp/HOTEL/50123/50123.html?l-id=hotelList_28_50123","316"
"翠山亭倶楽部定山渓","https://travel.rakuten.co.jp/HOTEL/108130/108130.html?l-id=hotelList_29_108130","317"
"アパホテル〈ＴＫＰ札幌駅北口〉ＥＸＣＥＬＬＥＮＴ","https://travel.rakuten.co.jp/HOTEL/934/934.html?l-id=hotelList_30_934","318"
"レンブラントスタイル札幌","https://travel.rakuten.co.jp/HOTEL/172505/172505.html?l-id=hotelList_31_172505","319"
"グリーンピア大沼","https://travel.rakuten.co.jp/HOTEL/53397/53397.html?l-id=hotelList_32_53397","320"
"きたゆざわ　森のソラニワ","https://travel.rakuten.co.jp/HOTEL/18832/18832.html?l-id=hotelList_ad_L000002704_1_18832","321"
"札幌エクセルホテル東急","https://travel.rakuten.co.jp/HOTEL/502/502.html?l-id=hotelList_ad_L000002704_2_502","322"
"ホテル三浦華園","https://travel.rakuten.co.jp/HOTEL/12600/12600.html?l-id=hotelList_3_12600","323"
"天然モール温泉　ホテルルートイン帯広駅前","https://travel.rakuten.co.jp/HOTEL/17944/17944.html?l-id=hotelList_4_17944","324"
"ＨＡＫＯＤＡＴＥ　男爵倶楽部　ＨＯＴＥＬ＆ＲＥＳＯＲＴＳ","https://travel.rakuten.co.jp/HOTEL/56773/56773.html?l-id=hotelList_5_56773","325"
"フラノ寶亭留","https://travel.rakuten.co.jp/HOTEL/64540/64540.html?l-id=hotelList_6_64540","326"
"ＡＮＡクラウンプラザホテル釧路","https://travel.rakuten.co.jp/HOTEL/891/891.html?l-id=hotelList_7_891","327"
"ハイランドふらの","https://travel.rakuten.co.jp/HOTEL/69358/69358.html?l-id=hotelList_8_69358","328"
"函館大沼プリンスホテル","https://travel.rakuten.co.jp/HOTEL/9561/9561.html?l-id=hotelList_9_9561","329"
"琴似グリーンホテル","https://travel.rakuten.co.jp/HOTEL/2908/2908.html?l-id=hotelList_10_2908","330"
"ランドーホテル札幌スイーツ","https://travel.rakuten.co.jp/HOTEL/176934/176934.html?l-id=hotelList_11_176934","331"
"ニセコノーザンリゾート・アンヌプリ","https://travel.rakuten.co.jp/HOTEL/20219/20219.html?l-id=hotelList_12_20219","332"
"ＳＡＮ　ＧＲＡＮ　ＨＯＴＥＬ　札幌大通公園","https://travel.rakuten.co.jp/HOTEL/183903/183903.html?l-id=hotelList_13_183903","333"
"ホテルクレッセント旭川","https://travel.rakuten.co.jp/HOTEL/4652/4652.html?l-id=hotelList_14_4652","334"
"定山渓温泉　章月グランドホテル","https://travel.rakuten.co.jp/HOTEL/2911/2911.html?l-id=hotelList_15_2911","335"
"イーストハーバーホテル","https://travel.rakuten.co.jp/HOTEL/167860/167860.html?l-id=hotelList_16_167860","336"
"ラビスタ大雪山（共立リゾート）","https://travel.rakuten.co.jp/HOTEL/66785/66785.html?l-id=hotelList_17_66785","337"
"湯宿　だいいち","https://travel.rakuten.co.jp/HOTEL/45111/45111.html?l-id=hotelList_18_45111","338"
"アパホテル＜札幌＞","https://travel.rakuten.co.jp/HOTEL/16008/16008.html?l-id=hotelList_19_16008","339"
"函館・湯の川温泉　ＫＫＲはこだて（国家公務員共済組合連合会湯の川保養所）","https://travel.rakuten.co.jp/HOTEL/40365/40365.html?l-id=hotelList_20_40365","340"
"稚内声問温泉　ホテルめぐま","https://travel.rakuten.co.jp/HOTEL/78082/78082.html?l-id=hotelList_21_78082","341"
"支笏湖第一寶亭留　翠山亭","https://travel.rakuten.co.jp/HOTEL/16750/16750.html?l-id=hotelList_22_16750","342"
"ホテルクラッセステイ千歳","https://travel.rakuten.co.jp/HOTEL/182603/182603.html?l-id=hotelList_23_182603","343"
"Ｔマークシティホテル札幌","https://travel.rakuten.co.jp/HOTEL/147901/147901.html?l-id=hotelList_24_147901","344"
"第二プリンスホテル　室蘭ビュー","https://travel.rakuten.co.jp/HOTEL/70826/70826.html?l-id=hotelList_25_70826","345"
"紋別セントラルホテル","https://travel.rakuten.co.jp/HOTEL/863/863.html?l-id=hotelList_26_863","346"
"ワン・ニセコ・リゾート・タワーズ","https://travel.rakuten.co.jp/HOTEL/141079/141079.html?l-id=hotelList_27_141079","347"
"湯の川温泉　湯元啄木亭","https://travel.rakuten.co.jp/HOTEL/5503/5503.html?l-id=hotelList_28_5503","348"
"ＨａｋｏＢＡ　函館　ｂｙ　ＴＨＥ　ＳＨＡＲＥ　ＨＯＴＥＬＳ","https://travel.rakuten.co.jp/HOTEL/161213/161213.html?l-id=hotelList_29_161213","349"
"十勝岳温泉　凌雲閣","https://travel.rakuten.co.jp/HOTEL/79494/79494.html?l-id=hotelList_30_79494","350"
"ホテルルートイン釧路駅前","https://travel.rakuten.co.jp/HOTEL/67485/67485.html?l-id=hotelList_31_67485","351"
"ベッセルイン札幌中島公園（すすきの徒歩圏内）","https://travel.rakuten.co.jp/HOTEL/139991/139991.html?l-id=hotelList_32_139991","352"
"きたゆざわ　森のソラニワ","https://travel.rakuten.co.jp/HOTEL/18832/18832.html?l-id=hotelList_ad_L000002704_1_18832","353"
"札幌エクセルホテル東急","https://travel.rakuten.co.jp/HOTEL/502/502.html?l-id=hotelList_ad_L000002704_2_502","354"
"阿寒湖温泉　あかん鶴雅別荘鄙の座","https://travel.rakuten.co.jp/HOTEL/37362/37362.html?l-id=hotelList_3_37362","355"
"屈斜路プリンスホテル","https://travel.rakuten.co.jp/HOTEL/15401/15401.html?l-id=hotelList_4_15401","356"
"岩見沢ホテル５条","https://travel.rakuten.co.jp/HOTEL/135407/135407.html?l-id=hotelList_5_135407","357"
"スワンキーホテル・オートモ","https://travel.rakuten.co.jp/HOTEL/8295/8295.html?l-id=hotelList_6_8295","358"
"ホテルニューバジェット札幌","https://travel.rakuten.co.jp/HOTEL/5253/5253.html?l-id=hotelList_7_5253","359"
"ホテル　アネックス　イン","https://travel.rakuten.co.jp/HOTEL/44108/44108.html?l-id=hotelList_8_44108","360"
"層雲閣","https://travel.rakuten.co.jp/HOTEL/52319/52319.html?l-id=hotelList_9_52319","361"
"ホテルウィングインターナショナル千歳","https://travel.rakuten.co.jp/HOTEL/4827/4827.html?l-id=hotelList_10_4827","362"
"ホテルマイステイズ札幌中島公園別館","https://travel.rakuten.co.jp/HOTEL/145361/145361.html?l-id=hotelList_11_145361","363"
"ホテルパコジュニア北見","https://travel.rakuten.co.jp/HOTEL/50748/50748.html?l-id=hotelList_12_50748","364"
"ログホテル　メープルロッジ","https://travel.rakuten.co.jp/HOTEL/160837/160837.html?l-id=hotelList_13_160837","365"
"しまのやど　れぶんしり＜礼文島＞","https://travel.rakuten.co.jp/HOTEL/177454/177454.html?l-id=hotelList_14_177454","366"
"グランドホテル藤花","https://travel.rakuten.co.jp/HOTEL/147138/147138.html?l-id=hotelList_15_147138","367"
"ホテルラフィナート札幌","https://travel.rakuten.co.jp/HOTEL/167676/167676.html?l-id=hotelList_16_167676","368"
"函館大沼　鶴雅リゾート　エプイ","https://travel.rakuten.co.jp/HOTEL/153498/153498.html?l-id=hotelList_17_153498","369"
"ＡＬＰＨＡＢＥＤ　ＩＮＮ　札幌大通公園","https://travel.rakuten.co.jp/HOTEL/181195/181195.html?l-id=hotelList_18_181195","370"
"ニセコ東急リゾート　ホテルニセコアルペン","https://travel.rakuten.co.jp/HOTEL/68284/68284.html?l-id=hotelList_19_68284","371"
"お宿　欣喜湯（旧：川湯ホテルプラザ）","https://travel.rakuten.co.jp/HOTEL/4672/4672.html?l-id=hotelList_20_4672","372"
"川湯温泉　川湯観光ホテル","https://travel.rakuten.co.jp/HOTEL/5138/5138.html?l-id=hotelList_21_5138","373"
"ホテルメイツ旭川","https://travel.rakuten.co.jp/HOTEL/9464/9464.html?l-id=hotelList_22_9464","374"
"ティアラホテル札幌すすきの","https://travel.rakuten.co.jp/HOTEL/67324/67324.html?l-id=hotelList_23_67324","375"
"虎杖浜温泉ホテル","https://travel.rakuten.co.jp/HOTEL/162792/162792.html?l-id=hotelList_24_162792","376"
"ホテルオホーツクパレス","https://travel.rakuten.co.jp/HOTEL/14610/14610.html?l-id=hotelList_25_14610","377"
"Ｔａｂｉｓｔ　ＴＨＥ　ＧＲＥＥＮ　ＯＴＡＲＵ（小樽グリーンホテル）","https://travel.rakuten.co.jp/HOTEL/8674/8674.html?l-id=hotelList_26_8674","378"
"ホテル　サッポロメッツ","https://travel.rakuten.co.jp/HOTEL/449/449.html?l-id=hotelList_27_449","379"
"ＨＯＴＥＬ　ＮＵＰＫＡ　／　ＮＵＰＫＡ　Ｈａｎａｒｅ（ホテルヌプカ　／　ヌプカハナレ）","https://travel.rakuten.co.jp/HOTEL/151396/151396.html?l-id=hotelList_28_151396","380"
"ＬＣ五稜郭ホテル","https://travel.rakuten.co.jp/HOTEL/183899/183899.html?l-id=hotelList_29_183899","381"
"知床ヴィラ　ホテル　フリーズ","https://travel.rakuten.co.jp/HOTEL/40853/40853.html?l-id=hotelList_30_40853","382"
"温泉民宿　北乃宿","https://travel.rakuten.co.jp/HOTEL/130033/130033.html?l-id=hotelList_31_130033","383"
"旭川旭岳温泉　湯元　湧駒荘","https://travel.rakuten.co.jp/HOTEL/29874/29874.html?l-id=hotelList_32_29874","384"
"きたゆざわ　森のソラニワ","https://travel.rakuten.co.jp/HOTEL/18832/18832.html?l-id=hotelList_ad_L000002704_1_18832","385"
"札幌エクセルホテル東急","https://travel.rakuten.co.jp/HOTEL/502/502.html?l-id=hotelList_ad_L000002704_2_502","386"
"旅館　雪国＜利尻島＞","https://travel.rakuten.co.jp/HOTEL/38430/38430.html?l-id=hotelList_3_38430","387"
"根室グランドホテル","https://travel.rakuten.co.jp/HOTEL/8292/8292.html?l-id=hotelList_4_8292","388"
"ホテルニドム＆クラシックゴルフコース","https://travel.rakuten.co.jp/HOTEL/177130/177130.html?l-id=hotelList_5_177130","389"
"ホテルテトラリゾート十勝川","https://travel.rakuten.co.jp/HOTEL/166019/166019.html?l-id=hotelList_6_166019","390"
"ホテルＢＲＳ函館五稜郭タワー前","https://travel.rakuten.co.jp/HOTEL/182000/182000.html?l-id=hotelList_7_182000","391"
"てしお温泉夕映","https://travel.rakuten.co.jp/HOTEL/166504/166504.html?l-id=hotelList_8_166504","392"
"知床天然温泉ルートイングランティア知床斜里駅前","https://travel.rakuten.co.jp/HOTEL/68130/68130.html?l-id=hotelList_9_68130","393"
"層雲峡温泉　層雲峡観光ホテル","https://travel.rakuten.co.jp/HOTEL/38928/38928.html?l-id=hotelList_10_38928","394"
"ホテル十勝イン","https://travel.rakuten.co.jp/HOTEL/30825/30825.html?l-id=hotelList_11_30825","395"
"シャトレーゼ　ガトーキングダムサッポロ　ホテル＆スパリゾート","https://travel.rakuten.co.jp/HOTEL/17678/17678.html?l-id=hotelList_12_17678","396"
"ホテルルートイン苫小牧駅前","https://travel.rakuten.co.jp/HOTEL/68123/68123.html?l-id=hotelList_13_68123","397"
"照月旅館","https://travel.rakuten.co.jp/HOTEL/137767/137767.html?l-id=hotelList_14_137767","398"
"ピエス恵庭","https://travel.rakuten.co.jp/HOTEL/179654/179654.html?l-id=hotelList_15_179654","399"
"ホテルニューバジェット室蘭","https://travel.rakuten.co.jp/HOTEL/7506/7506.html?l-id=hotelList_16_7506","400"
"ホテルアクシアイン釧路","https://travel.rakuten.co.jp/HOTEL/20361/20361.html?l-id=hotelList_17_20361","401"
"絶景の湯宿　洞爺　湖畔亭","https://travel.rakuten.co.jp/HOTEL/5501/5501.html?l-id=hotelList_18_5501","402"
"ペンション森のふくろう","https://travel.rakuten.co.jp/HOTEL/20053/20053.html?l-id=hotelList_19_20053","403"
"ウトロ温泉　ホテル季風クラブ知床","https://travel.rakuten.co.jp/HOTEL/10711/10711.html?l-id=hotelList_20_10711","404"
"ホテルリブマックスＢＵＤＧＥＴ千歳","https://travel.rakuten.co.jp/HOTEL/147156/147156.html?l-id=hotelList_21_147156","405"
"ホテル礼文＜礼文島＞","https://travel.rakuten.co.jp/HOTEL/52011/52011.html?l-id=hotelList_22_52011","406"
"ＡＬＰＨＡＢＥＤ　ＩＮＮ　小樽駅前","https://travel.rakuten.co.jp/HOTEL/181196/181196.html?l-id=hotelList_23_181196","407"
"湯の川温泉　笑　函館屋","https://travel.rakuten.co.jp/HOTEL/153254/153254.html?l-id=hotelList_24_153254","408"
"岩内温泉　いわない高原ホテル","https://travel.rakuten.co.jp/HOTEL/37438/37438.html?l-id=hotelList_25_37438","409"
"室蘭プリンスホテル","https://travel.rakuten.co.jp/HOTEL/5499/5499.html?l-id=hotelList_26_5499","410"
"竹葉　新葉亭","https://travel.rakuten.co.jp/HOTEL/67479/67479.html?l-id=hotelList_27_67479","411"
"函館　ホテル駅前","https://travel.rakuten.co.jp/HOTEL/27817/27817.html?l-id=hotelList_28_27817","412"
"ビジネスイン　ノルテII北大前","https://travel.rakuten.co.jp/HOTEL/15493/15493.html?l-id=hotelList_29_15493","413"
"網走ロイヤルホテル","https://travel.rakuten.co.jp/HOTEL/8382/8382.html?l-id=hotelList_30_8382","414"
"クレドホテル函館","https://travel.rakuten.co.jp/HOTEL/165716/165716.html?l-id=hotelList_31_165716","415"
"ホテルリブマックスＢＵＤＧＥＴ札幌駅前","https://travel.rakuten.co.jp/HOTEL/149340/149340.html?l-id=hotelList_32_149340","416"
