name,url
神田和泉町店,http://www.lifecorp.jp/store/syuto/874.html
東日暮里店,http://www.lifecorp.jp/store/syuto/647.html
東尾久店,http://www.lifecorp.jp/store/syuto/828.html
南千住店,http://www.lifecorp.jp/store/syuto/875.html
新御徒町店,http://www.lifecorp.jp/store/syuto/617.html
浅草店,http://www.lifecorp.jp/store/syuto/834.html
本郷三丁目駅前店,http://www.lifecorp.jp/store/syuto/652.html
アクトピア北赤羽店,http://www.lifecorp.jp/store/syuto/843.html
北赤羽店,http://www.lifecorp.jp/store/syuto/827.html
竹の塚店,http://www.lifecorp.jp/store/syuto/650.html
江北駅前店,http://www.lifecorp.jp/store/syuto/869.html
ポンテポルタ千住店,http://www.lifecorp.jp/store/syuto/611.html
扇大橋駅前店,http://www.lifecorp.jp/store/syuto/867.html
大谷田店,http://www.lifecorp.jp/store/syuto/871.html
六町駅前店,http://www.lifecorp.jp/store/syuto/863.html
奥戸街道店,http://www.lifecorp.jp/store/syuto/877.html
奥戸店,http://www.lifecorp.jp/store/syuto/873.html
葛飾鎌倉店,http://www.lifecorp.jp/store/syuto/808.html
水元店,http://www.lifecorp.jp/store/syuto/846.html
葛飾白鳥店,http://www.lifecorp.jp/store/syuto/881.html
セントラルスクエア押上駅前店,http://www.lifecorp.jp/store/syuto/621.html
菊川店,http://www.lifecorp.jp/store/syuto/882.html
錦糸町駅前店,http://www.lifecorp.jp/store/syuto/613.html
東向島店,http://www.lifecorp.jp/store/syuto/841.html
本一色店,http://www.lifecorp.jp/store/syuto/641.html
鹿骨店,http://www.lifecorp.jp/store/syuto/645.html
篠崎店,http://www.lifecorp.jp/store/syuto/870.html
瑞江店,http://www.lifecorp.jp/store/syuto/810.html
西小岩店,http://www.lifecorp.jp/store/syuto/623.html
船堀店,http://www.lifecorp.jp/store/syuto/825.html
亀戸店,http://www.lifecorp.jp/store/syuto/847.html
東砂店,http://www.lifecorp.jp/store/syuto/626.html
深川猿江店,http://www.lifecorp.jp/store/syuto/705.html
武蔵小山店,http://www.lifecorp.jp/store/syuto/836.html
大崎ニューシティ店,http://www.lifecorp.jp/store/syuto/878.html
大崎百反通店,http://www.lifecorp.jp/store/syuto/864.html
エクストラ　東五反田店,http://www.lifecorp.jp/store/syuto/612.html
ドラッグプラス品川御殿山店,http://www.lifecorp.jp/store/syuto/618.html
マチノマ大森店,http://www.lifecorp.jp/store/syuto/637.html
鵜の木店,http://www.lifecorp.jp/store/syuto/627.html
京急蒲田駅前店,http://www.lifecorp.jp/store/syuto/622.html
上池台店,http://www.lifecorp.jp/store/syuto/892.html
西蒲田店,http://www.lifecorp.jp/store/syuto/894.html
大森中店,http://www.lifecorp.jp/store/syuto/866.html
大森南店,http://www.lifecorp.jp/store/syuto/816.html
東馬込店,http://www.lifecorp.jp/store/syuto/633.html
笹塚店,http://www.lifecorp.jp/store/syuto/630.html
渋谷東店,http://www.lifecorp.jp/store/syuto/829.html
幡ヶ谷店,http://www.lifecorp.jp/store/syuto/848.html
中目黒店,http://www.lifecorp.jp/store/syuto/670.html
目黒大橋店,http://www.lifecorp.jp/store/syuto/888.html
桜新町店,http://www.lifecorp.jp/store/syuto/639.html
経堂店,http://www.lifecorp.jp/store/syuto/821.html
千歳烏山店,http://www.lifecorp.jp/store/syuto/844.html
コモレ四谷店,http://www.lifecorp.jp/store/syuto/643.html
若松河田駅前店,http://www.lifecorp.jp/store/syuto/897.html
中野新井店,http://www.lifecorp.jp/store/syuto/812.html
中野坂上店,http://www.lifecorp.jp/store/syuto/896.html
中野駅前店,http://www.lifecorp.jp/store/syuto/833.html
東中野店,http://www.lifecorp.jp/store/syuto/842.html
南台店,http://www.lifecorp.jp/store/syuto/640.html
新大塚店,http://www.lifecorp.jp/store/syuto/818.html
落合南長崎駅前店,http://www.lifecorp.jp/store/syuto/885.html
千川駅前店,http://www.lifecorp.jp/store/syuto/838.html
赤塚店,http://www.lifecorp.jp/store/syuto/822.html
前野町店,http://www.lifecorp.jp/store/syuto/826.html
板橋店,http://www.lifecorp.jp/store/syuto/610.html
仲宿店,http://www.lifecorp.jp/store/syuto/620.html
氷川台店,http://www.lifecorp.jp/store/syuto/632.html
新桜台駅前店,http://www.lifecorp.jp/store/syuto/898.html
西大泉店,http://www.lifecorp.jp/store/syuto/657.html
石神井台店,http://www.lifecorp.jp/store/syuto/845.html
石神井公園店,http://www.lifecorp.jp/store/syuto/839.html
練馬中村北店,http://www.lifecorp.jp/store/syuto/886.html
土支田店,http://www.lifecorp.jp/store/syuto/785.html
大泉学園駅前店,http://www.lifecorp.jp/store/syuto/852.html
平和台店,http://www.lifecorp.jp/store/syuto/775.html
ココネリ練馬駅前店,http://www.lifecorp.jp/store/syuto/899.html
ムスブ田町店,http://www.lifecorp.jp/store/syuto/638.html
ビオラル丸井吉祥寺店,http://www.lifecorp.jp/store/syuto/644.html
キテラタウン調布店,http://www.lifecorp.jp/store/syuto/628.html
府中中河原店,http://www.lifecorp.jp/store/syuto/685.html
東府中店,http://www.lifecorp.jp/store/syuto/634.html
